상태,공고번호/ID,직무명 (Job Title),급수/직급 (Grade),기업/부대명 (Organization),근무지 (Location),분야 (Sector),공고 오픈일,접수 마감일,D-Day,공고 원문 URL (Working Link),접수처 및 제출서류,예상 처우/급여,핵심 자격요건 및 직무 개요,🎯 나만의 맞춤 어필 포인트 (Pitch & Moat),적합도
⏳ 순환 대기,VA 26-322,Language Specialist (군사 어학전문원 / 고위급 통번역),KGS-09/11 (목표급수 KGS-11),"Eighth Army KSC Bn (34th KSC Co, Camp Humphreys)",평택 (Camp Humphreys),주한미군 KGS-11+,2026-09-04,2026-09-11,차기순환 대기,https://8tharmy.korea.army.mil/ksc/assets/asp2/recruit.asp,차기 회차 오픈 즉시 USFK Form 130EK 이메일 접수 (고용노동부 워크24 구직등록),"KGS-11 호봉표 적용 (연 약 6,500만 ~ 9,000만+ 상당)","고위급 군사 통번역 1년 이상 경력, 정전협정 및 연합 작전계획 숙지, 비밀취급인가 적격자.",현재 UNCMAC-S 군사 번역사이자 전 USFK J4 지정 통역관. 지원 부대(34중대) 및 미8군 군사 통번역 실무 100% 매칭.,99
⏳ 순환 대기,VA 26-316,Community Relations Specialist (대외협력 / 공보 및 지역사회조율),KGS-07/09/11 (목표급수 KGS-11),"Eighth Army KSC Bn (34th KSC Co, Camp Humphreys)",평택 (Camp Humphreys),주한미군 KGS-11+,2026-08-28,2026-09-04,차기순환 대기,https://8tharmy.korea.army.mil/ksc/assets/asp2/recruit.asp,차기 회차 오픈 시 접수 (KSC 채용포털),"KGS-11 호봉표 적용 (연 약 6,500만 ~ 9,000만)","한미 유관기관 대외협력 및 대민 조율, 공보 브리핑, 지자체 및 경찰/군 협조 지원.",정치외교학 전공 + UNCMAC 정부기관 및 군부대 조율 경험으로 정무적/대외협력 감각 완비.,95
⏳ 순환 대기,VA 26-263,Language Specialist (군사 통번역 전문위원),KGS-09/11 (목표급수 KGS-11),Eighth Army KSC Bn (34th KSC Co),평택 (Camp Humphreys),주한미군 KGS-11+,2026-07-03,2026-07-10,차기순환 대기,https://8tharmy.korea.army.mil/ksc/assets/asp2/recruit.asp,차기 순환 공고 시 접수,KGS-11 호봉표 적용,작전 및 군수 분야 영한/한영 전문 번역 및 통역.,UNCMAC-S 실무 경력으로 KSA 최고 배점 획득 가능.,98
⏳ 순환 대기,VA 26-246,Liaison Specialist (한미 연합 연락관),KGS-07/09/11 (목표급수 KGS-11),Eighth Army KSC Bn (34th KSC Co),평택 (Camp Humphreys),주한미군 KGS-11+,2026-06-19,2026-06-26,차기순환 대기,https://8tharmy.korea.army.mil/ksc/assets/asp2/recruit.asp,차기 공고 모니터링,KGS-11 호봉표 적용,한미 연합 연습 및 상호 군수지원 조율 연락관.,"전 USFK J4 지정 통역관 및 한미 연합 훈련(UFS, FS) 지원 경험.",96
⏳ 순환 대기,VA 26-225,Executive Officer (부대 운영 및 기획총괄 실장),KGS-09/11 (목표급수 KGS-11),Eighth Army KSC Bn (16th KSC Co),평택 / 동두천,주한미군 KGS-11+,2026-06-05,2026-06-12,차기순환 대기,https://8tharmy.korea.army.mil/ksc/assets/asp2/recruit.asp,차기 공고 모니터링,KGS-11 호봉표 적용,"중대 행정 및 작전기획 총괄, 지휘관 보좌 및 예산/인사 관리.",미군 지휘 행정 절차 숙지 및 데이터 자동화 관리 역량.,93
🔍 상시모니터링,CHRA-KNRS-KGS12,Lead Management & Program Analyst / Supervisory Specialist,KGS-11/12 (책임/관리직),Combined Forces Command (CFC) / Eighth Army HQ,평택 (Camp Humphreys),주한미군 KGS-11+,2026-09-01,수시 오픈 모니터링,상시감시,https://portal.chra.army.mil/hr_public?id=kn_employment,공고 발생 시 USFK Form 130EK 작성 후 usarmy.henry.chra-fe.mbx.knrs-notifications@army.mil 이메일 접수,"KGS-12 호봉표 (기본급+수당, 연 약 7,500만 ~ 1억+ 상당)","주한미군/연합사 지휘기획 및 프로그램 관리 경험, 고위급 브리핑 및 지침 수립 역량, 비밀취급인가(Secret) 적격자.",UNCMAC-S 및 USFK J4에서 한미 연합 작전/군수 지침을 조율한 실무 경험. 지휘조직 학습 곡선 제로.,97
🟢 진행중,세종연구소-202609,세종연구소 직원 (행정직 / 연구기획운영),경력 2년+ (무기계약직 전환형),(재)세종연구소 (The Sejong Institute),서울 종로구 (연합뉴스빌딩 6층),외교안보 싱크탱크,2026-09-04,2026-10-02,D-13,https://www.sejong.org/web/boad/1/egoread.php?bd=73&seq=13128,이력서/자기소개서 작성 후 jaemi@sejong.org 이메일 접수 (10월 2일 14:00 마감),"월 400만원 (세전, 연 4,800만원 상당) + 2년 근무 후 무기직 전환","4년제 대졸 이상, 직무경력 2년 이상, 외교안보 포럼/세미나 준비 및 연구소 기획 운영 지원.",정치외교학 학사 학위 + UNCMAC 군사외교 의전/행정 실무 완벽 매칭. 국가전략 학술 및 정책네트워크 이해도 탁월.,95
🟢 진행중,아산정책-2026-Q3,안보통일센터 전문연구원 (Security & Alliance Research),석사 또는 동등 전문경력직,아산정책연구원 (Asan Institute for Policy Studies),서울 종로구 신문로 본원,외교안보 싱크탱크,2026-09-01,2026-10-15,D-26,https://www.asaninst.org/contents/category/about-asan/careers/,공식 채용 공고란 온라인 접수 (recruit@asaninst.org),"5,500만 - 8,000만원+ (경력별 협의)","한미동맹, 확장억제, 북핵 이슈 데이터 분석 및 영문 정책보고서 집필.",정치외교학 학위 + DMZ 현장 정전협정 실무 데이터 + 안보 데이터 자동화 파이프라인 역량 결합.,94
🟢 진행중,Eurasia-APAC-2026,Korea & Northeast Asia Geopolitical Risk Analyst,Associate / Lead (시니어),Eurasia Group / Albright Stonebridge Group,서울 / 하이브리드 원격,글로벌 리스크 컨설팅,2026-08-25,채용시 마감 (수시),상시채용,https://www.eurasiagroup.net/careers,Eurasia Group 글로벌 커리어 포털 영문 CV/Cover Letter 제출,"$80,000 - $120,000 USD (약 1억~1억 6,000만)","한반도 군사/지정학 리스크 평가, 다국적 기업 임원진 브리핑, 유려한 영문 리포팅.",군사분계선(MDL)과 비물리적 분쟁을 실시간 다루는 현장 인텔리전스 분석력.,93
🟢 진행중,현대차-GPO-2026,글로벌 정책전략실 (Global Public Policy) Specialist,과장급 (경력 3년~7년+),현대자동차그룹 (Hyundai Motor Group),서울 서초구 양재동 본사,대기업 글로벌전략,2026-09-05,2026-10-10,D-21,https://talent.hyundai.com/,현대자동차그룹 채용 포털 온라인 접수,"7,500만 - 1억 1,000만+ (성과급 별도)","지정학적 통상 이슈 모니터링, 미국 정계/군/방산 정책 네트워크 대응, 영문 전략 보고서 작성.",정치외교학 학위 + 한미 안보 관계 실무 이해 + 미군 지휘부 네트워크 감각.,92
🟢 진행중,삼성전자-GPA-2026,글로벌대외협력실 (GPA) 지정학 리스크 분석가,Professional (경력 4년+),삼성전자 DS/DX 글로벌대외협력실,서울 서초사옥 / 수원,대기업 글로벌전략,2026-09-01,2026-10-05,D-16,https://www.samsungcareers.com,삼성채용 홈페이지 온라인 접수,"8,000만 - 1억 2,000만+ (OPI/TAI 별도)","미중 전략 경쟁 및 글로벌 공급망 안보 리스크 분석, 정부/의회 정책 대응 전략 수립.",국제정치학적 구조 분석 역량과 군사안보 데이터 분석 자동화 파이프라인 보유.,91
🟢 진행중,Palantir-DS-Seoul,Deployment Strategist (Palantir Korea),Senior / Lead Strategist,Palantir Technologies Korea,서울 강남구 (파르나스타워),방산테크 & CTI,2026-08-20,채용시 마감 (수시),상시채용,https://www.palantir.com/careers/,Palantir 글로벌 커리어 사이트 영문 지원,"1억 2,000만 - 1억 8,000만+ (Base + Equity)","국방/공공/대기업 대상 파운드리(Foundry) & AIP 솔루션 도입 전략 수립, 복합 조직 워크플로우 재설계.",미 국방부/주한미군 데이터 체계 이해 + 파이썬 기반 데이터 파이프라인 자동화 아키텍처 역량.,96
🟢 진행중,S2W-Threat-Analyst,사이버 위협 분석가 (Cyber Threat Intelligence / CTI Lead),Senior Threat Analyst (경력 3년+),S2W (에스투더블유),경기 성남 판교 본사,방산테크 & CTI,2026-09-08,채용시 마감 (수시),상시채용,https://www.wanted.co.kr/company/12717,원티드 또는 S2W 공식 채용페이지 온라인 지원,"6,000만 - 9,000만+ (스톡옵션 협의)","다크웹 및 국가 배후 해킹 조직(APT) 동향 추적, 지정학적 사이버 안보 인텔리전스 리포트 작성.",정치외교학 배경과 《초한》 비물리전 시뮬레이션 기획으로 국가 행위자 인센티브 구조 분석 탁월.,95
🟢 진행중,Nearthlab-Defense-BD,방산사업개발 리드 (Defense Business Development Lead),팀장/리드급 (경력 5년+),니어스랩 (Nearthlab),서울 강남구 역삼동,방산테크 & CTI,2026-09-10,채용시 마감 (수시),상시채용,https://www.wanted.co.kr/company/3697,원티드 또는 니어스랩 채용포털 접수,"7,000만 - 1억 1,000만+ (인센티브 별도)","자율비행 드론 기반 국방/정찰/감시 솔루션 군 및 방산기관 납품 사업 개발, 제안서 작성.",한미 연합 지휘구조 이해 및 군사 기술 문서화/브리핑 역량.,93
🟢 진행중,Google-Cloud-SE-01,"Security Customer Engineer, Google Cloud",L5 / Senior,Google Korea (구글 코리아),서울 강남구 역삼동 (GFC),글로벌 빅테크/IT,2026-09-02,채용시 마감 (수시),상시채용,https://www.google.com/about/careers/applications/jobs/results/?location=Seoul%2C%20South%20Korea,Google Careers 공식 포털 영문 지원,"1억 2,000만 - 1억 8,000만+ (Base + RSU)","클라우드 보안 아키텍처 설계, 규제 컴플라이언스 대응, 탁월한 한영 기술 커뮤니케이션.",UNCMAC 보안 프로토콜 및 Antigravity 파이썬 파이프라인 엔지니어링 실무 융합.,92
🟢 진행중,AWS-WWPS-SA-01,Solutions Architect (Public Sector & Defense),L5 / Senior SA,Amazon Web Services Korea (AWS WWPS),서울 강남구 역삼동 (센터필드),글로벌 빅테크/IT,2026-09-05,채용시 마감 (수시),상시채용,https://www.amazon.jobs/en/locations/seoul-south-korea,Amazon Jobs 공식 포털 지원,"1억 1,000만 - 1억 6,000만+ (Base + RSU)","정부/공공/국방 고객 대상 클라우드 아키텍처 컨설팅, 망분리 및 보안 인증 대응.",국방 조직의 보안 요구조건과 지휘 통신 워크플로우에 대한 현장 경험.,91
🟢 진행중,BISim-VBS-Korea,Military Simulation Scenario Architect & Technical Lead,Specialist / Lead (BAE Systems),Bohemia Interactive Simulations (BISim Korea / BAE Systems),서울 강남구 테헤란로,워게임 M&S,2026-08-30,채용시 마감 (수시),상시채용,https://bisimulations.com/company/careers,BISim 공식 글로벌 커리어 사이트 접수,"7,000만 - 1억+ (글로벌 방산 BAE 체계)","VBS4 기반 가상 전장 시뮬레이션 시나리오 설계, 한미 연합훈련 M&S 지원.",정치외교학 기반 하이브리드전 시뮬레이터 《초한》 기획자 + 군사 작전/통역 배경.,95
🟢 진행중,KRAFTON-Narrative-01,시니어 내러티브 디자이너 (Narrative Lead / 정치스릴러),시니어급 (경력 3년~5년+),크래프톤 (KRAFTON),서울 강남 / 경기 성남 판교,게임 내러티브 / AI 시스템,2026-09-01,채용시 마감 (수시),상시채용,https://krafton.com/careers/,크래프톤 공식 채용 사이트 온라인 접수,"6,500만 - 9,500만+ + 인센티브","치밀한 진영 갈등 및 현실감 넘치는 세계관 설정, 대사 스크립트 작성.",실제 정치·안보 분석 데이터 기반의 하이브리드전 비주얼 노벨 《초한》 제작 포트폴리오 보유.,90
